,boat_name,activity,time
0,Maggie,Released a blue marlin.,Saturday @ 1:34 PM
1,Maggie,Hooked up,Saturday @12:24 PM
2,Orrsman,Released a white marlin.,Saturday @ 1:33 PM
3,Orrsman,Hooked up,Saturday @ 1:33 PM
4,Fowl Hooked,Released a blue marlin.,Saturday @12:57 PM
5,Fowl Hooked,Hooked up,Saturday @12:57 PM
6,Micabe,Rance Jennings released a white marlin.,Saturday @11:36 AM
7,Magic Moment,Released a blue marlin.,Saturday @11:31 AM
8,Magic Moment,Hooked up,Saturday @11:31 AM
9,Peggy,Released a white marlin.,Saturday @11:29 AM
10,Bench Mark,Released a blue marlin.,Saturday @11:24 AM
11,Predator,Released a blue marlin.,Saturday @11:09 AM
12,Rolling Stone,Released a white marlin.,Saturday @10:44 AM
13,Gamekeeper,Released a blue marlin.,Saturday @10:24 AM
14,Gamekeeper,Hooked up,Saturday @10:12 AM
15,Peggy,Released a blue marlin.,Saturday @10:11 AM
16,Peggy,Hooked up,Saturday @ 9:58 AM
17,Drillin & Billin,Released a white marlin.,Saturday @ 9:41 AM
18,Fender Bender,Released a blue marlin.,Saturday @ 9:27 AM
19,Magic Moment,Released a blue marlin.,Saturday @ 9:25 AM
20,Honey Hush,Released a blue marlin.,Saturday @ 9:14 AM
21,Honey Hush,Hooked up,Saturday @ 8:55 AM
22,Sails Pitch,Released a blue marlin.,Saturday @ 9:13 AM
23,Sails Pitch,Hooked up,Saturday @ 8:28 AM
24,J & B,Released a blue marlin.,Saturday @ 9:13 AM
25,J & B,Hooked up,Saturday @ 8:23 AM
26,Outnumbered,Released a blue marlin.,Saturday @ 9:06 AM
27,Outnumbered,Hooked up,Saturday @ 8:55 AM
28,Magic Moment,Released a blue marlin.,Saturday @ 8:55 AM
29,Magic Moment,Hooked up,Saturday @ 8:34 AM
30,Ashley Lauren,Released a blue marlin.,Saturday @ 8:54 AM
31,Ashley Lauren,Hooked up,Saturday @ 8:43 AM
32,Bill Collector,Released a blue marlin.,Saturday @ 8:48 AM
33,Bill Collector,Hooked up,Saturday @ 8:15 AM
34,Whitecaps,Released a blue marlin.,Saturday @ 8:44 AM
35,Sea Toy,Released a sailfish.,Saturday @ 8:44 AM
36,Wall Hanger,Released a blue marlin.,Saturday @ 8:14 AM
37,Wall Hanger,Hooked up,Saturday @ 8:04 AM
38,Gret’s Three J’s,Released a blue marlin.,Friday @ 3:09 PM
39,Gret’s Three J’s,Hooked up,Friday @11:36 AM
40,Low Profile,Released a blue marlin.,Friday @ 2:30 PM
41,Low Profile,Lost (Pulled Hook).,Friday @ 2:30 PM
42,Low Profile,Hooked up,Friday @ 2:02 PM
43,Electric Bill,Released a blue marlin.,Friday @ 2:23 PM
44,Electric Bill,Hooked up,Friday @ 2:03 PM
45,Justified,Released a sailfish.,Friday @ 2:00 PM
46,C-Escape,Released a blue marlin.,Friday @ 1:57 PM
47,C-Escape,Hooked up,Friday @ 1:28 PM
48,First Look,Released a blue marlin.,Friday @ 1:43 PM
49,Chunda,Released a blue marlin.,Friday @ 1:24 PM
50,Chunda,Hooked up,Friday @ 1:14 PM
51,Callisto,Released a blue marlin.,Friday @ 1:17 PM
52,Callisto,Hooked up,Friday @ 1:11 PM
53,First Look,Released a sailfish.,Friday @ 1:04 PM
54,Current Sea,Released a white marlin.,Friday @12:46 PM
55,Haphazard,Released a blue marlin/unverified.,Friday @12:41 PM
56,Haphazard,Hooked up,Friday @12:36 PM
57,Game Plan,Released a blue marlin.,Friday @12:28 PM
58,Game Plan,Hooked up,Friday @12:06 PM
59,Sea Striker,Released a blue marlin.,Friday @12:06 PM
60,Sea Striker,Hooked up,Friday @11:40 AM
61,Anita Jean,Released a white marlin.,Friday @12:02 PM
62,Anita Jean,Released a blue marlin.,Friday @11:29 AM
63,Anita Jean,Hooked up,Friday @11:14 AM
64,Top Dog,Todd Dickerson released a blue marlin/unverified.,Friday @11:25 AM
65,Top Dog,Hooked up,Friday @11:11 AM
66,High Time,Released a blue marlin.,Friday @11:20 AM
67,High Time,Hooked up,Friday @10:37 AM
68,Grand Slam,Wallis Higginbotham released a blue marlin/unverified.,Friday @11:03 AM
69,Grand Slam,Hooked up,Friday @10:58 AM
70,Piracy,Released a blue marlin.,Friday @10:42 AM
71,Piracy,Hooked up,Friday @10:24 AM
72,Game Changer,Rusty Breeden released a blue marlin/unverified.,Friday @10:14 AM
73,Game Changer,Hooked up,Friday @ 9:55 AM
74,Electric Bill,Released a blue marlin.,Friday @10:00 AM
75,Electric Bill,Hooked up,Friday @ 9:46 AM
76,MJ's,Released a white marlin.,Friday @ 9:48 AM
77,Horse,Released a blue marlin/unverified.,Friday @ 9:43 AM
78,Horse,Hooked up,Friday @ 9:33 AM
79,Skirt Chaser,William Ramsey IV released a blue marlin.,Friday @ 9:39 AM
80,Skirt Chaser,Hooked up,Friday @ 9:31 AM
81,Piracy,Released a daily 1st release.,Friday @ 9:27 AM
82,Piracy,Released a sailfish.,Friday @ 9:26 AM
83,Sea Wolf,Released a blue marlin.,Thursday @ 1:39 PM
84,Sea Wolf,Hooked up,Thursday @ 1:35 PM
85,Lo Que Sea,Released a blue marlin.,Wednesday @ 3:21 PM
86,Lo Que Sea,Hooked up,Wednesday @12:27 PM
87,Maggie,Released a blue marlin.,Wednesday @ 3:09 PM
88,Maggie,Hooked up,Wednesday @ 2:36 PM
89,Mama Who,Released a blue marlin.,Wednesday @ 2:07 PM
90,Weldor's Ark,Released a sailfish.,Wednesday @ 1:48 PM
91,Elcazador,Sail  Ricks  released a blue marlin.,Wednesday @ 1:15 PM
92,Elcazador,Hooked up,Wednesday @12:27 PM
93,First Look,Todd Porterfield released a blue marlin.,Wednesday @ 1:01 PM
94,Lo Que Sea,Released a sailfish.,Wednesday @12:52 PM
95,Quote Boat,Released a blue marlin.,Wednesday @12:27 PM
96,Fowl Hooked,Released a white marlin.,Wednesday @11:31 AM
97,Fowl Hooked,Hooked up,Wednesday @11:26 AM
98,Peggy,Released a sailfish.,Wednesday @11:25 AM
99,Bizzy B,Skip Greene released a blue marlin/unverified.,Wednesday @11:15 AM
100,Bizzy B,Hooked up,Wednesday @10:44 AM
101,Sea I Sea,Released a blue marlin.,Wednesday @11:09 AM
102,Sea I Sea,Hooked up,Wednesday @10:39 AM
103,Reel Steel,Released a sailfish.,Wednesday @11:09 AM
104,Reel Steel,Released a sailfish.,Wednesday @11:09 AM
105,Mama Who,Released a blue marlin.,Wednesday @11:03 AM
106,Mama Who,Hooked up,Wednesday @10:37 AM
107,Catch 23,Released a blue marlin.,Wednesday @10:55 AM
108,Catch 23,Hooked up,Wednesday @10:44 AM
109,Lo Que Sea,Released a sailfish.,Wednesday @10:29 AM
110,High Time,Released a blue marlin.,Wednesday @10:17 AM
111,High Time,Hooked up,Wednesday @ 9:16 AM
112,Wolverine,Ty Fletcher released a blue marlin.,Wednesday @10:12 AM
113,Wolverine,Hooked up,Wednesday @ 9:58 AM
114,Renegade,Released a sailfish.,Wednesday @ 9:29 AM
115,Renegade,Hooked up,Wednesday @ 9:22 AM
116,Post Call,Released a white marlin.,Wednesday @ 9:07 AM
117,Sea Fix,Francis Johnson released a blue marlin.,Tuesday @ 7:36 PM
118,Sea Fix,Hooked up,Tuesday @ 1:42 PM
119,Megabite,Released a blue marlin/unverified.,Tuesday @ 3:47 PM
120,Megabite,Hooked up,Tuesday @ 1:51 PM
121,Annie C,Released a blue marlin.,Tuesday @ 3:35 PM
122,Annie C,Hooked up,Tuesday @11:06 AM
123,Free Spool,Rob  Rowe released a blue marlin.,Tuesday @ 3:14 PM
124,Free Spool,Hooked up,Tuesday @ 2:57 PM
125,BANKWALKER,Released a white marlin.,Tuesday @ 3:06 PM
126,BANKWALKER,Hooked up,Tuesday @ 2:57 PM
127,Fin Planner,Ren  Fortier released a blue marlin.,Tuesday @ 3:00 PM
128,Fin Planner,Hooked up,Tuesday @ 2:42 PM
129,Drillin & Billin,Released a blue marlin.,Tuesday @ 2:52 PM
130,Post Call,Released a blue marlin.,Tuesday @ 2:51 PM
131,Post Call,Hooked up,Tuesday @ 2:51 PM
132,Tail Gunner,Adam Shack released a sailfish.,Tuesday @ 2:39 PM
133,Stetson's Revenge,Released a blue marlin.,Tuesday @ 2:39 PM
134,Electric Bill,Released a blue marlin.,Tuesday @ 2:37 PM
135,Zues,Released a blue marlin.,Tuesday @ 2:32 PM
136,Doc Fees,Released a sailfish.,Tuesday @ 2:31 PM
137,Diamond Girl,Released a blue marlin.,Tuesday @ 2:13 PM
138,Sea Hound,Released a white marlin.,Tuesday @ 2:11 PM
139,Knot Done Yet,Perry Nichols released a white marlin.,Tuesday @ 1:56 PM
140,El Bendidos,Released a blue marlin/unverified.,Tuesday @ 1:39 PM
141,The General,Released a blue marlin.,Tuesday @ 1:37 PM
142,The General,Hooked up,Tuesday @ 1:26 PM
143,Lo Que Sea,Released a blue marlin.,Tuesday @ 1:34 PM
144,Lo Que Sea,Hooked up,Tuesday @ 1:33 PM
145,Sea I Sea,Released a blue marlin.,Tuesday @ 1:22 PM
146,Sea I Sea,Hooked up,Tuesday @ 1:10 PM
147,Natural,Heath Fulcher released a blue marlin.,Tuesday @ 1:19 PM
148,Natural,Hooked up,Tuesday @12:39 PM
149,Genetic Disorder,Released a blue marlin.,Tuesday @ 1:15 PM
150,Genetic Disorder,Hooked up,Tuesday @12:59 PM
151,Floridian,Jennifer Cameron released a blue marlin.,Tuesday @ 1:06 PM
152,Marlin Fever,Released a blue marlin.,Tuesday @12:58 PM
153,Marlin Fever,Hooked up,Tuesday @12:39 PM
154,Susie Q,Released a white marlin.,Tuesday @12:55 PM
155,Susie Q,Hooked up,Tuesday @12:51 PM
156,Ditch Digger,Released a blue marlin.,Tuesday @12:53 PM
157,Game Plan,Shawn Stephens released a blue marlin.,Tuesday @12:47 PM
158,Game Plan,Hooked up,Tuesday @12:38 PM
159,Texas Tea,Released a blue marlin/unverified.,Tuesday @12:46 PM
160,Texas Tea,Hooked up,Tuesday @12:44 PM
161,Hydrosphere,Released a blue marlin.,Tuesday @12:40 PM
162,Savanna Leigh,Shawn White released a blue marlin.,Tuesday @12:27 PM
163,Savanna Leigh,Hooked up,Tuesday @11:31 AM
164,Maggie,Released a blue marlin.,Tuesday @12:26 PM
165,Maggie,Hooked up,Tuesday @12:03 PM
166,Gamekeeper,Released a blue marlin.,Tuesday @12:09 PM
167,Gamekeeper,Hooked up,Tuesday @11:37 AM
168,Lo Que Sea,Released a blue marlin.,Tuesday @12:08 PM
169,Lo Que Sea,Hooked up,Tuesday @11:56 AM
170,Chunda,Hunter  Geddes  released a blue marlin.,Tuesday @12:08 PM
171,Chunda,Hooked up,Tuesday @11:57 AM
172,Cane Pole,Released a sailfish.,Tuesday @12:04 PM
173,Cane Pole,Hooked up,Tuesday @11:58 AM
174,Triple S,Released a blue marlin.,Tuesday @12:00 PM
175,Triple S,Hooked up,Tuesday @10:53 AM
176,Wolverine,Ty Fletcher released a blue marlin.,Tuesday @11:38 AM
177,Wolverine,Hooked up,Tuesday @11:30 AM
178,Goombay,Released a blue marlin.,Tuesday @11:21 AM
179,Goombay,Hooked up,Tuesday @11:14 AM
180,Post Call,Released a blue marlin.,Tuesday @11:17 AM
181,Post Call,Hooked up,Tuesday @10:55 AM
182,Knot Done Yet,Perry Nichols released a blue marlin.,Tuesday @11:16 AM
183,Mercenaria,Carroll Ballard released a blue marlin.,Tuesday @11:14 AM
184,Mercenaria,Hooked up,Tuesday @10:37 AM
185,Sea I Sea,Released a blue marlin.,Tuesday @11:14 AM
186,Sea I Sea,Hooked up,Tuesday @11:01 AM
187,MJ's,Released a blue marlin.,Tuesday @11:07 AM
188,MJ's,Hooked up,Tuesday @10:57 AM
189,Marked Off,Released a blue marlin/unverified.,Tuesday @11:02 AM
190,Marked Off,Hooked up,Tuesday @10:58 AM
191,Carolina Lady,Released a blue marlin.,Tuesday @10:59 AM
192,Zues,Released a blue marlin.,Tuesday @10:58 AM
193,Zues,Hooked up,Tuesday @10:44 AM
194,Ann Warrick,Frank  Adams released a blue marlin.,Tuesday @10:51 AM
195,Ann Warrick,Hooked up,Tuesday @10:20 AM
196,Demolished Profits,Phillip  Parks released a blue marlin.,Tuesday @10:45 AM
197,Demolished Profits,Hooked up,Tuesday @10:04 AM
198,Yellowfin,Released a blue marlin.,Tuesday @10:28 AM
199,Yellowfin,Hooked up,Tuesday @10:11 AM
200,Heels N Reels,Released a sailfish.,Tuesday @10:08 AM
201,Heels N Reels,Hooked up,Tuesday @10:05 AM
202,Annie O,Wallace Baker released a blue marlin.,Tuesday @ 9:59 AM
203,Annie O,Hooked up,Tuesday @ 9:33 AM
204,BAM,Released a blue marlin.,Tuesday @ 9:59 AM
205,BAM,Hooked up,Tuesday @ 9:39 AM
206,Chunda,Hunter  Geddes  released a blue marlin.,Tuesday @ 9:52 AM
207,Chunda,Hooked up,Tuesday @ 9:26 AM
208,TRAVELER,Released a blue marlin.,Tuesday @ 9:50 AM
209,TRAVELER,Hooked up,Tuesday @ 9:46 AM
210,Micabe,Rance Jennings released a blue marlin.,Tuesday @ 9:48 AM
211,Micabe,Hooked up,Tuesday @ 9:33 AM
212,Carterican,Jamie Smith released a blue marlin.,Tuesday @ 9:40 AM
213,Carterican,Hooked up,Tuesday @ 9:18 AM
214,Demolished Profits,Phillip  Parks released a sailfish.,Tuesday @ 9:40 AM
215,Demolished Profits,Hooked up,Tuesday @ 9:34 AM
216,MJ's,Released a white marlin.,Tuesday @ 9:37 AM
217,MJ's,Hooked up,Tuesday @ 9:35 AM
218,Whitecaps,Released a blue marlin.,Tuesday @ 9:28 AM
219,Whitecaps,Hooked up,Tuesday @ 9:15 AM
220,Lo Que Sea,Released a blue marlin.,Tuesday @ 9:22 AM
221,Lo Que Sea,Hooked up,Tuesday @ 9:05 AM
222,Skirt Chaser,David Jackson released a blue marlin.,Monday @ 3:22 PM
223,Skirt Chaser,Hooked up,Monday @ 2:57 PM
224,Gret’s Three J’s,John Conrad released a blue marlin.,Monday @ 3:06 PM
225,Gret’s Three J’s,Hooked up,Monday @ 2:50 PM
226,Horse Play,Ted Keany released a blue marlin.,Monday @ 3:05 PM
227,Horse Play,Hooked up,Monday @ 2:15 PM
228,Callisto,Released a blue marlin.,Monday @ 2:59 PM
229,Callisto,Hooked up,Monday @ 2:25 PM
230,Mercenaria,Carroll Ballard released a blue marlin.,Monday @ 2:52 PM
231,Mercenaria,Hooked up,Monday @ 2:02 PM
232,Orrsman,Released a blue marlin.,Monday @ 2:47 PM
233,Orrsman,Hooked up,Monday @ 2:32 PM
234,Post Call,Released a blue marlin.,Monday @ 2:30 PM
235,Post Call,Hooked up,Monday @ 2:06 PM
236,High Time,Released a blue marlin.,Monday @ 2:24 PM
237,High Time,Hooked up,Monday @ 2:02 PM
238,Double 07,Released a blue marlin.,Monday @ 2:21 PM
239,Double 07,Hooked up,Monday @ 1:04 PM
240,Outnumbered,Kevin  Summerville released a blue marlin.,Monday @ 2:16 PM
241,Electric Bill,Released a blue marlin/unverified.,Monday @ 2:03 PM
242,Electric Bill,Hooked up,Monday @11:08 AM
243,Sea Toy,Released a blue marlin.,Monday @ 1:54 PM
244,Sea Toy,Hooked up,Monday @12:33 PM
245,Megabite,Released a blue marlin.,Monday @ 1:45 PM
246,Megabite,Hooked up,Monday @ 1:15 PM
247,Annie O,Wallace Baker released a blue marlin.,Monday @ 1:39 PM
248,Annie O,Hooked up,Monday @ 1:17 PM
249,Weldor's Ark,Released a blue marlin.,Monday @ 1:38 PM
250,Weldor's Ark,Hooked up,Monday @ 1:31 PM
251,Sea Hound,Released a white marlin.,Monday @ 1:33 PM
252,Sea Hound,Hooked up,Monday @ 1:27 PM
253,Diamond Girl,Released a blue marlin.,Monday @ 1:31 PM
254,Diamond Girl,Hooked up,Monday @ 1:13 PM
255,Hatteras Fever II,Released a white marlin.,Monday @ 1:29 PM
256,Hatteras Fever II,Hooked up,Monday @ 1:24 PM
257,Bad Becky,Released a white marlin.,Monday @ 1:08 PM
258,Ann Warrick,Frank  Adams released a blue marlin.,Monday @ 1:01 PM
259,Ann Warrick,Hooked up,Monday @ 1:01 PM
260,Sea I Sea,Released a blue marlin.,Monday @12:59 PM
261,Sea I Sea,Hooked up,Monday @12:47 PM
262,Outnumbered,Kevin  Summerville released a blue marlin.,Monday @12:55 PM
263,Outnumbered,Lost (Pulled Hook).,Monday @12:55 PM
264,Outnumbered,Hooked up,Monday @12:55 PM
265,Ann Warrick,Frank  Adams released a blue marlin.,Monday @12:46 PM
266,Ann Warrick,Hooked up,Monday @12:43 PM
267,Lights Out,Released a blue marlin.,Monday @12:44 PM
268,Lights Out,Hooked up,Monday @12:35 PM
269,Grand Slam,Wallis Higginbotham released a sailfish.,Monday @12:36 PM
270,Grand Slam,Hooked up,Monday @12:33 PM
271,Accordingly IV,Released a blue marlin.,Monday @12:34 PM
272,Accordingly IV,Hooked up,Monday @12:06 PM
273,High Octane,Released a blue marlin.,Monday @12:29 PM
274,High Octane,Hooked up,Monday @12:10 PM
275,Uno Mas,Released a blue marlin.,Monday @12:24 PM
276,Genetic Disorder,Released a blue marlin.,Monday @12:14 PM
277,Genetic Disorder,Hooked up,Monday @11:47 AM
278,Hammer Time,Released a blue marlin.,Monday @12:13 PM
279,Hammer Time,Hooked up,Monday @11:57 AM
280,Marlin Fever,Thomas Daniel released a blue marlin.,Monday @12:08 PM
281,Horse Play,Ted Keany released a blue marlin.,Monday @12:03 PM
282,Horse Play,Hooked up,Monday @11:34 AM
283,Triple S,Released a white marlin.,Monday @11:59 AM
284,Triple S,Hooked up,Monday @11:54 AM
285,Reel Affair,Released a blue marlin.,Monday @11:52 AM
286,Reel Affair,Hooked up,Monday @11:35 AM
287,BANKWALKER,Released a blue marlin.,Monday @11:51 AM
288,BANKWALKER,Hooked up,Monday @10:25 AM
289,Can Do Too,Andy Valentine released a blue marlin.,Monday @11:22 AM
290,Can Do Too,Hooked up,Monday @11:02 AM
291,Orrsman,Released a blue marlin.,Monday @11:15 AM
292,Orrsman,Hooked up,Monday @10:47 AM
293,Sea Fix,Francis Johnson released a blue marlin.,Monday @11:10 AM
294,Sea Fix,Hooked up,Monday @11:02 AM
295,Release,Released a blue marlin.,Monday @10:52 AM
296,Release,Hooked up,Monday @10:31 AM
297,Reel Steel,Released a blue marlin.,Monday @10:46 AM
298,Reel Steel,Hooked up,Monday @10:38 AM
299,Annie C,Released a white marlin.,Monday @10:38 AM
300,Annie C,Hooked up,Monday @10:34 AM
301,Miss Peggy Sue II,Released a blue marlin.,Monday @10:34 AM
302,Miss Peggy Sue II,Hooked up,Monday @10:11 AM
303,Heels N Reels,Released a blue marlin.,Monday @10:24 AM
304,Heels N Reels,Hooked up,Monday @10:02 AM
305,Justified,Tylor  Howard released a white marlin.,Monday @10:18 AM
306,Justified,Hooked up,Monday @10:00 AM
307,Elcazador,Jack Ricks released a blue marlin.,Monday @10:10 AM
308,Elcazador,Hooked up,Monday @ 9:55 AM
309,Cane Pole,Released a blue marlin.,Monday @ 9:58 AM
310,Cane Pole,Hooked up,Monday @ 9:34 AM
311,Lo Que Sea,Released a blue marlin.,Monday @ 9:56 AM
312,Lo Que Sea,Hooked up,Monday @ 9:09 AM
313,Bench Mark,Released a sailfish.,Monday @ 9:52 AM
314,Orrsman,Released a blue marlin.,Monday @ 9:44 AM
315,Orrsman,Hooked up,Monday @ 9:29 AM
316,Carolina Lady,Released a sailfish.,Monday @ 9:43 AM
317,Carolina Lady,Hooked up,Monday @ 9:40 AM
318,Syked Out,Released a white marlin.,Monday @ 9:43 AM
319,Sea Hound,Released a blue marlin.,Monday @ 9:38 AM
320,Sea Hound,Hooked up,Monday @ 9:10 AM
321,Miss Peggy Sue II,Released a blue marlin.,Monday @ 9:28 AM
322,Miss Peggy Sue II,Hooked up,Monday @ 9:15 AM
323,Peggy,Released a blue marlin.,Monday @ 9:26 AM
324,Peggy,Hooked up,Monday @ 9:08 AM
325,Savanna Leigh,Lost (Pulled Hook).,Saturday @ 1:02 PM
326,Savanna Leigh,Hooked up,Saturday @ 1:02 PM
327,Susie Q,Lost (Pulled Hook).,Saturday @12:30 PM
328,Susie Q,Hooked up,Saturday @12:30 PM
329,Ann Warrick,Lost (Pulled Hook).,Saturday @12:00 PM
330,Ann Warrick,Hooked up,Saturday @12:00 PM
331,EZ Boy,Lost (Pulled Hook).,Saturday @10:15 AM
332,EZ Boy,Hooked up,Saturday @10:15 AM
333,Carolina Girl- Croswait,Lost (Pulled Hook).,Saturday @ 9:35 AM
334,Carolina Girl- Croswait,Hooked up,Saturday @ 9:35 AM
335,Relentless,Lost (Pulled Hook).,Saturday @ 9:01 AM
336,Mercenaria,Lost (Pulled Hook).,Friday @ 3:22 PM
337,Mercenaria,Hooked up,Friday @ 2:55 PM
338,Blue Sky,Lost (Pulled Hook).,Friday @ 3:17 PM
339,Blue Sky,Hooked up,Friday @ 3:00 PM
340,Doc Fees,Lost (Pulled Hook).,Friday @ 3:00 PM
341,Doc Fees,Hooked up,Friday @ 3:00 PM
342,Reel Love,Lost (Pulled Hook).,Friday @ 2:17 PM
343,Reel Love,Hooked up,Friday @ 2:17 PM
344,Catch 23,Lost (Pulled Hook).,Friday @ 2:00 PM
345,Catch 23,Hooked up,Friday @ 2:00 PM
346,Elcazador,Lost (Pulled Hook).,Friday @ 1:44 PM
347,Elcazador,Hooked up,Friday @ 1:44 PM
348,Critter II,Lost (Pulled Hook).,Friday @12:15 PM
349,Critter II,Hooked up,Friday @11:58 AM
350,Electric Bill,Lost (Pulled Hook).,Friday @11:51 AM
351,Electric Bill,Hooked up,Friday @11:48 AM
352,Low Profile,Lost (Pulled Hook).,Friday @11:43 AM
353,Low Profile,Hooked up,Friday @11:40 AM
354,Persistence,Lost (Pulled Hook).,Friday @ 9:23 AM
355,Persistence,Hooked up,Friday @ 9:23 AM
356,Buckshott,Lost (Pulled Hook).,Friday @ 9:05 AM
357,Buckshott,Hooked up,Friday @ 9:05 AM
358,Marked Off,Lost (Pulled Hook).,Thursday @12:42 PM
359,Marked Off,Hooked up,Thursday @12:42 PM
360,Grand Slam,Lost (Pulled Hook).,Wednesday @ 2:44 PM
361,Grand Slam,Hooked up,Wednesday @ 9:19 AM
362,Sushi,Lost (Pulled Hook).,Wednesday @ 2:16 PM
363,Sea Spell,Lost (Pulled Hook).,Wednesday @ 1:30 PM
364,Natural,Lost (Pulled Hook).,Wednesday @12:30 PM
365,Natural,Hooked up,Wednesday @12:30 PM
366,Horse,Lost (Pulled Hook).,Wednesday @12:20 PM
367,El Bendidos,Lost (Pulled Hook).,Wednesday @11:39 AM
368,El Bendidos,Hooked up,Wednesday @11:39 AM
369,Goombay,Lost (Pulled Hook).,Wednesday @11:11 AM
370,Wolverine,Lost (Pulled Hook).,Wednesday @ 9:38 AM
371,Fishin Physician,Lost (Pulled Hook).,Wednesday @ 9:25 AM
372,Fishin Physician,Hooked up,Wednesday @ 9:25 AM
373,Floridian,Lost (Pulled Hook).,Wednesday @ 9:11 AM
374,Yellowfin,Lost (Pulled Hook).,Wednesday @ 9:09 AM
375,TRAVELER,Lost (Pulled Hook).,Tuesday @ 2:56 PM
376,TRAVELER,Hooked up,Tuesday @ 2:56 PM
377,Wolverine,Lost (Pulled Hook).,Tuesday @ 1:37 PM
378,Pelagic Hunter II,Lost (Pulled Hook).,Tuesday @ 1:17 PM
379,Marlin Fever,Lost (Pulled Hook).,Tuesday @ 1:16 PM
380,Marlin Fever,Hooked up,Tuesday @ 1:16 PM
381,Hatter-Done,Lost (Pulled Hook).,Tuesday @ 1:02 PM
382,Yellowfin,Lost (Pulled Hook).,Tuesday @12:56 PM
383,Yellowfin,Hooked up,Tuesday @12:56 PM
384,Maggie,Lost (Pulled Hook).,Tuesday @11:58 AM
385,Maggie,Hooked up,Tuesday @11:58 AM
386,El Bendidos,Lost (Pulled Hook).,Tuesday @11:53 AM
387,El Bendidos,Hooked up,Tuesday @11:50 AM
388,Talkin Trash,Lost (Pulled Hook).,Tuesday @11:48 AM
389,Retriever,Lost (Pulled Hook).,Tuesday @11:32 AM
390,Retriever,Hooked up,Tuesday @11:32 AM
391,Killin Time,Lost (Pulled Hook).,Tuesday @10:35 AM
392,Bow Movement,Lost (Pulled Hook).,Tuesday @10:05 AM
393,Bow Movement,Hooked up,Tuesday @10:05 AM
394,Post Call,Lost (Pulled Hook).,Tuesday @10:03 AM
395,Post Call,Hooked up,Tuesday @10:03 AM
396,Rolling Stone,Lost (Pulled Hook).,Tuesday @ 9:53 AM
397,Rolling Stone,Hooked up,Tuesday @ 9:53 AM
398,Team Parker,Lost (Pulled Hook).,Tuesday @ 9:22 AM
399,Team Parker,Hooked up,Tuesday @ 9:22 AM
400,Demolished Profits,Lost (Pulled Hook).,Monday @ 2:43 PM
401,Demolished Profits,Hooked up,Monday @ 2:43 PM
402,Mercenaria,Lost (Pulled Hook).,Monday @ 2:02 PM
403,Mercenaria,Hooked up,Monday @ 2:02 PM
404,Justified,Lost (Pulled Hook).,Monday @ 1:00 PM
405,Justified,Hooked up,Monday @12:44 PM
406,Xcessive risk,Lost (Pulled Hook).,Monday @12:58 PM
407,Xcessive risk,Hooked up,Monday @12:58 PM
408,Haphazard,Lost (Pulled Hook).,Monday @12:56 PM
409,Haphazard,Hooked up,Monday @12:56 PM
410,Just Chillin,Lost (Pulled Hook).,Monday @12:36 PM
411,Just Chillin,Hooked up,Monday @12:36 PM
412,Sea Fix,Lost (Pulled Hook).,Monday @12:17 PM
413,Ava D,Lost (Pulled Hook).,Monday @12:02 PM
414,Ava D,Hooked up,Monday @11:13 AM
415,Gret’s Three J’s,Lost (Pulled Hook).,Monday @10:59 AM
416,Gret’s Three J’s,Hooked up,Monday @10:59 AM
417,Sensation,Lost (Pulled Hook).,Monday @10:41 AM
418,Sensation,Lost (Pulled Hook).,Monday @10:32 AM
419,Reel Quick,Lost (Pulled Hook).,Monday @10:06 AM
420,Reel Quick,Hooked up,Monday @ 9:51 AM
421,Dancin Outlaw,Lost (Pulled Hook).,Monday @10:04 AM
422,Bad Habit,Lost (Pulled Hook).,Monday @10:02 AM
423,Bad Habit,Hooked up,Monday @10:02 AM
424,Cane Pole,Lost (Pulled Hook).,Monday @ 9:34 AM
425,Cane Pole,Hooked up,Monday @ 9:34 AM
426,Payroll,Lost (Pulled Hook).,Monday @ 9:18 AM
427,Payroll,Hooked up,Monday @ 9:18 AM
428,Susie Q,Lost (Wrong Species).,Friday @ 2:54 PM
429,Susie Q,Hooked up,Friday @ 2:54 PM
430,Susie Q,Lost (Wrong Species).,Tuesday @ 2:57 PM
431,Susie Q,Hooked up,Tuesday @ 2:57 PM
432,C-Escape,Lost (Wrong Species).,Tuesday @ 1:04 PM
433,C-Escape,Hooked up,Tuesday @ 1:04 PM
434,Justified,Lost (Wrong Species).,Tuesday @10:35 AM
435,Justified,Lost (Pulled Hook).,Tuesday @10:35 AM
436,Second Chance,Lost (Wrong Species).,Tuesday @ 9:12 AM
437,Second Chance,Hooked up,Tuesday @ 9:12 AM
438,Payroll,Lost (Wrong Species).,Tuesday @ 9:10 AM
439,Payroll,Hooked up,Tuesday @ 9:10 AM
440,Moon Dancer,Boated a dq'd blue marlin.,Saturday @11:40 AM
441,Moon Dancer,Hooked up,Saturday @ 9:57 AM
442,Wolverine,Weighed a 22.1 lb dolphin.,Saturday @ 8:25 PM
443,Horse Play,Weighed a 25.8 lb dolphin.,Saturday @ 8:24 PM
444,Hammer Time,Weighed a 27.9 lb dolphin.,Saturday @ 8:15 PM
445,Ava D,Weighed a 35.0 lb dolphin.,Saturday @ 8:14 PM
446,Carolina Girl- Croswait,Weighed a 51.5 lb dolphin.,Saturday @ 8:13 PM
447,Sea Striker,Weighed a 495.0 lb blue marlin.,Saturday @ 2:11 PM
448,Sea Striker,Boated a blue marlin.,Saturday @ 2:11 PM
449,Double B,Weighed a 419.0 lb blue marlin.,Saturday @ 1:22 AM
450,Double B,Boated a blue marlin.,Saturday @ 1:22 AM
451,Reel Love,Weighed a 32.2 lb dolphin.,Friday @ 8:17 PM
452,Fin Planner,Weighed a 32.9 lb dolphin.,Friday @ 8:16 PM
453,Justified,Weighed a 31.8 lb dolphin.,Friday @ 8:15 PM
454,Demolished Profits,Weighed a 15.4 lb dolphin.,Friday @ 8:15 PM
455,TRAVELER,Weighed a 32.5 lb dolphin.,Friday @ 8:14 PM
456,Inspiration,Weighed a 32.7 lb dolphin.,Friday @ 8:13 PM
457,Annie O,Weighed a 23.3 lb dolphin.,Friday @ 8:13 PM
458,Sea I Sea,Weighed a 34.2 lb dolphin.,Friday @ 8:12 PM
459,Reel Country,Weighed a 23.3 lb dolphin.,Friday @ 8:12 PM
460,Poco Loco,Weighed a 23.6 lb dolphin.,Friday @ 8:11 PM
461,Rolling Stone,Weighed a 17.9 lb dolphin.,Friday @ 8:11 PM
462,Chunda,Weighed a 21.3 lb wahoo.,Friday @ 8:10 PM
463,EZ Boy,Weighed a 20.2 lb dolphin.,Friday @ 8:10 PM
464,Watertight,Weighed a 28.8 lb dolphin.,Friday @ 8:09 PM
465,Pelagic Hunter II,Weighed a 495.2 lb blue marlin.,Friday @ 6:18 PM
466,Pelagic Hunter II,Boated a blue marlin.,Friday @ 6:18 PM
467,Pelagic Hunter II,Hooked up,Friday @10:27 AM
468,Bill Collector,Weighed a 453.7 lb blue marlin.,Friday @ 3:30 PM
469,Bill Collector,Boated a blue marlin.,Friday @ 3:30 PM
470,Bill Collector,Hooked up,Friday @10:58 AM
471,April Mae,Weighed a 0.0 lb dq'd blue marlin.,Friday @ 3:08 PM
472,April Mae,Boated a dq'd blue marlin.,Friday @ 3:08 PM
473,April Mae,Hooked up,Friday @ 2:13 PM
474,Game Changer,Weighed a 0.0 lb dq'd blue marlin.,Friday @12:14 PM
475,Game Changer,Boated a dq'd blue marlin.,Friday @12:14 PM
476,Game Changer,Hooked up,Friday @12:06 PM
477,Double B,Weighed a 25.0 lb dolphin.,Thursday @ 6:50 PM
478,Double B,Weighed a 16.9 lb dolphin.,Thursday @ 6:50 PM
479,Marked Off,Weighed a 22.7 lb dolphin.,Thursday @ 6:49 PM
480,Wolverine,Weighed a 37.9 lb dolphin.,Wednesday @ 6:42 PM
481,Renegade,Weighed a 37.1 lb dolphin.,Wednesday @ 6:41 PM
482,Game Changer,Weighed a 35.0 lb dolphin.,Wednesday @ 6:33 PM
483,Orrsman,Weighed a 36.7 lb wahoo.,Wednesday @ 6:32 PM
484,High Time,Weighed a 21.2 lb dolphin.,Wednesday @ 6:29 PM
485,C-Escape,Weighed a 75.2 lb wahoo.,Tuesday @ 9:02 PM
486,Talkin Trash,Weighed a 21.4 lb dolphin.,Tuesday @ 9:01 PM
487,Katessa II,Weighed a 22.2 lb dolphin.,Tuesday @ 9:01 PM
488,Talkin Trash,Weighed a 23.1 lb dolphin.,Tuesday @ 9:01 PM
489,Stetson's Revenge,Weighed a 19.1 lb dolphin.,Tuesday @ 9:00 PM
490,Susie Q,Weighed a 32.4 lb dolphin.,Tuesday @ 9:00 PM
491,Post Call,Weighed a 34.8 lb dolphin.,Tuesday @ 8:59 PM
492,Ocean Stinger,Weighed a 18.8 lb dolphin.,Tuesday @ 8:59 PM
493,Bill Collector,Weighed a 33.5 lb dolphin.,Tuesday @ 8:59 PM
494,Heels N Reels,Weighed a 34.2 lb dolphin.,Tuesday @ 8:58 PM
495,Double B,Weighed a 29.1 lb dolphin.,Tuesday @ 8:58 PM
496,Salt Lick,Weighed a 30.5 lb dolphin.,Tuesday @ 8:58 PM
497,Marsh Madness,Weighed a 28.8 lb dolphin.,Tuesday @ 8:57 PM
498,Singularis,Weighed a 55.2 lb dolphin.,Tuesday @ 8:57 PM
499,Bad Habit,Weighed a 31.5 lb dolphin.,Tuesday @ 8:56 PM
500,Southpaw,Weighed a 28.9 lb dolphin.,Tuesday @ 8:56 PM
501,Fighting Lady,Weighed a 26.8 lb dolphin.,Tuesday @ 8:55 PM
502,Fighting Lady,Weighed a 34.7 lb dolphin.,Tuesday @ 8:53 PM
503,KISS MY GASS,Weighed a 24.7 lb dolphin.,Tuesday @ 8:53 PM
504,Southpaw,Weighed a 20.4 lb dolphin.,Tuesday @ 8:51 PM
505,Carolina Girl,Weighed a 15.6 lb dolphin.,Tuesday @ 8:50 PM
506,Second Chance,Weighed a 25.2 lb dolphin.,Tuesday @ 8:49 PM
507,Justified,Weighed a 29.3 lb dolphin.,Tuesday @ 8:48 PM
508,Reel Steel,Weighed a 450.0 lb blue marlin.,Tuesday @ 5:30 PM
509,Reel Steel,Boated a blue marlin.,Tuesday @ 5:30 PM
510,Reel Steel,Hooked up,Tuesday @10:50 AM
511,Hammer Time,Weighed a 450.2 lb blue marlin.,Tuesday @ 1:21 PM
512,Hammer Time,Boated a blue marlin.,Tuesday @ 1:21 PM
513,Hammer Time,Hooked up,Tuesday @ 9:28 AM
514,Catch 23,Weighed a 442.3 lb blue marlin.,Tuesday @12:15 PM
515,Catch 23,Boated a blue marlin.,Tuesday @12:15 PM
516,Catch 23,Hooked up,Tuesday @10:37 AM
517,Dancin Outlaw,Weighed a 470.4 lb blue marlin.,Tuesday @ 9:43 AM
518,Dancin Outlaw,Boated a blue marlin.,Tuesday @ 9:43 AM
519,Dancin Outlaw,Hooked up,Tuesday @ 9:17 AM
520,Predator,Weighed a 494.2 lb blue marlin.,Monday @ 7:45 PM
521,Predator,Boated a blue marlin.,Monday @ 7:45 PM
522,Predator,Hooked up,Monday @10:41 AM
523,Reel Affair,Weighed a 26.6 lb dolphin.,Monday @ 6:31 PM
524,Job Site,Weighed a 21.9 lb dolphin.,Monday @ 6:10 PM
525,Hammer Time,Weighed a 47.6 lb wahoo.,Monday @ 6:08 PM
526,Hello Dolly,Weighed a 26.5 lb dolphin.,Monday @ 6:05 PM
527,Elcazador,Weighed a 17.6 lb dolphin.,Monday @ 6:03 PM
528,Elcazador,Weighed a 26.6 lb dolphin.,Monday @ 6:01 PM
529,The Reel McKeel,Weighed a 22.9 lb dolphin.,Monday @ 5:54 PM
530,Sashimi,Weighed a 24.6 lb dolphin.,Monday @ 5:53 PM
531,Dorothy Marie,Weighed a 22.5 lb dolphin.,Monday @ 5:52 PM
532,Second Chance,Weighed a 16.8 lb wahoo.,Monday @ 5:48 PM
533,Fin Print,Weighed a 29.1 lb dolphin.,Monday @ 5:46 PM
534,Lovin' Life,Weighed a 22.0 lb dolphin.,Monday @ 5:43 PM
535,Persistence,Weighed a 47.5 lb dolphin.,Monday @ 5:39 PM
536,Salt Lick,Weighed a 46.2 lb dolphin.,Monday @ 5:33 PM
537,Grand Slam,Weighed a 27.4 lb dolphin.,Monday @ 5:11 PM
538,Big Oil,Weighed a 20.7 lb dolphin.,Monday @ 5:02 PM
539,El Bendidos,Weighed a 26.3 lb dolphin.,Monday @ 4:55 PM
540,El Azul,Weighed a 27.3 lb dolphin.,Monday @ 4:50 PM
541,Anniston-Quinn,Weighed a 20.2 lb dolphin.,Monday @ 4:44 PM
542,Wall Hanger,Weighed a 16.6 lb dolphin.,Monday @ 4:42 PM
543,Hatter-Done,Weighed a 488.1 lb blue marlin.,Monday @ 1:33 PM
544,Hatter-Done,Boated a blue marlin.,Monday @ 1:33 PM
545,Hatter-Done,Hooked up,Monday @11:52 AM
546,Reel Country,Weighed a 0.0 lb dq'd blue marlin.,Monday @11:59 AM
547,Reel Country,Boated a dq'd blue marlin.,Monday @11:59 AM
548,Reel Country,Hooked up,Monday @11:03 AM
549,Wall Hanger,Daily 1st Release,Saturday @ 8:14 AM
550,Sea Wolf,Daily 1st Release,Thursday @ 1:39 PM
551,Post Call,Daily 1st Release,Wednesday @ 9:07 AM
552,Lo Que Sea,Daily 1st Release,Tuesday @ 9:22 AM
553,Peggy,Daily 1st Release,Monday @ 9:26 AM
